CCCTGCTCTGCCTG,binding site
AAGGGGCGTGGCGG,binding site
AGGGGGTAGGGGGG,binding site
CGGACCCTTTAAGA,binding site
TGCCTGGTGCCTGG,binding site
GCCGCCGCCGCCTC,binding site
GCGGCGGGCGAGGG,binding site
CGGCCGTGGAGCTT,binding site
CCGCGCCGGGTCCG,binding site
CAGTTGGGTTTGCA,binding site
GGAGCGGGAGCGGG,binding site
GGCGGGGGCGGGGC,binding site
GGGGCGGGGCCGGC,binding site
AGACCTCTGCGTCA,binding site
CTATGCGAGGGGGC,binding site
GCGGGGCGGGGCCG,binding site
ATATGGGCGCGGGG,binding site
GGGTCGCGCACGCG,binding site
GTGACTGGCGTGAA,binding site
CCGGCGCGCGCGGC,binding site
CGGGGCCGAGCCCA,binding site
TGCTCCGCCCCCCG,binding site
GGGGAGGGCAGAGG,binding site
GGCTCGGGGTGGGG,binding site
CCTCCGCTCCGCGC,binding site
AGCCGCGGCGCCCC,binding site
GGGGGGAGGGGCAG,binding site
GGCCTGTCGGGAAA,binding site
CGCCTTCCTCATGA,binding site
ATCCGGCCCATTGG,binding site
CCCCTCCCCGGACG,binding site
CCCGGAGCCGCCAA,binding site
GGGCCTCGGAGCTT,binding site
GGCCTTCCCTGCAG,binding site
GCGCCGGGGCCGGG,binding site
TCACGGGCGCGCGA,binding site
AAGTGGGAAGTGGA,binding site
CCGGGGGCGGGGTG,binding site
AACGCCCCGGAGGG,binding site
TTGGGCCCTCCTGG,binding site
CCGGGACGTGGCAG,binding site
GCCACACCATTGGC,binding site
CTCGCTCGCTCGCT,binding site
GGGCGGGGCCTGCC,binding site
GGGGGCGGGGCCGG,binding site
CCACCCGCCCCTCA,binding site
CCACCGGAGCGCCG,binding site
TTTCCGCCCTGTAG,binding site
GAGAAGGGGGCGGA,binding site
AGCCTCAAGCTGTC,binding site
GACACGCCTCCCCC,binding site
GCGGGGCGAGCCTC,binding site
CGCTTCCCCGCCCC,binding site
GGGCGGGTCCTGGG,binding site
GCGGAGCGTGTTCT,binding site
GCGGGCTTTACGGC,binding site
GGGGCGGCGCCAGG,binding site
TGCGAGGCCCGAGA,binding site
TGCTCTGGCCCTGT,binding site
CTGCACTCGGTCCT,binding site
GCGCGGTAGTGGGG,binding site
GTCAGGAGCCAAGA,binding site
GTAGCGGCGCATGC,binding site
GCGCAGCCTTATCC,binding site
GAGGAGCCGAGCTC,binding site
CCCGGGACCGGGCG,binding site
AAGGGGCAGTGCCG,binding site
GCCGCGGCGGGGGC,binding site
GGCGGAGCCGAGGG,binding site
CGTCCTACTCCGCC,binding site
GTGGGTGGTGCATG,binding site
GGGGAGGAGCGCGG,binding site
ACTATCAAGGTAGT,binding site
AGGTGGCGGCGGCC,binding site
CTCGCCGAGCCCCG,binding site
TGGCCGCGGCTGCA,binding site
GCGACCCTGCGTCC,binding site
ATTGCCGTGAAAGG,binding site
CAGCAGCTCAAGTT,binding site
AGGGGGCGGTGGGG,binding site
CGGTTCGGGGGCGG,binding site
CCCGACCTGCCCCA,binding site
AGCGACCGGCGCCT,binding site
GCCTACAGACAACC,binding site
GGGGCGCCTCCGGG,binding site
GGGCAGGGCCGAGG,binding site
GGTGGGGTCGAGCG,binding site
GGCCGCGCCCACCA,binding site
TTGAAGCATAAGGG,binding site
CGCCGGCGTCGAGG,binding site
CTCTGGCGGGCGGG,binding site
CGGGGGCGGGGCCT,binding site
CCGCCCAACGGGGA,binding site
GCGCGATGGGGCTC,binding site
GGGCGCCGGGTCCG,binding site
GGCTCGGAGCCTCC,binding site
GGACGCCGCGGCGG,binding site
GCGCGCGTGGGCGT,binding site
CCGCAGGGGCTGGG,binding site
GGCCCAAGGTGGAA,binding site
GCGGAACGTCCCGG,binding site
GACTCCCGATTGGC,binding site
GCGACACCGCCCCG,binding site
CTCGCAGGCGCAGG,binding site
CTCACCTCCTCTGG,binding site
GGCGGGAAGGCGGC,binding site
GGCCTCTCCGGCGG,binding site
CAGCCCCCGCGGCG,binding site
AGGGGGCGGGGAGG,binding site
GCGGCCGAGGCGCC,binding site
CTGAAGAAAGCCGA,binding site
GGGCCTAGGGCCCG,binding site
GGCCGCCGCGCAGG,binding site
TGGTCACCCGATGC,binding site
GTGGGAGGTGCGTC,binding site
GAGGAGGAGGAGGG,binding site
GAGTGTGTGTGAGC,binding site
GCCTACCCGCCTCG,binding site
CGGGCGCTCCCTTG,binding site
TGGAAAGGGCTGGG,binding site
GTCCCGGCGTGCCG,binding site
GGCCTAGGATCTGG,binding site
GTGCGCGCCGCGTG,binding site
CCCGCGGGCTGGCG,binding site
GACTCAACACATGC,binding site
GCTCCCCGGTGCTG,binding site
AGGGGCGGGGTCGG,binding site
ATCAGAGGGCCTAG,binding site
TAACCGGAGAGAGC,binding site
GGACAAGGTCGTCA,binding site
GTTAGGGGTCCGGA,binding site
ATGGTGATTCTGAC,binding site
TGCCCGCGAGCCGG,binding site
GCGCAGACAAAGAC,binding site
CTCGCGGCTTGAGG,binding site
ACGCCGCCATGGCA,binding site
CTCCGGCCCGCCCC,binding site
AGGGGGCGGTGCCG,binding site
CGCAATCGCTGGAA,binding site
CGCGGCCTCTATTG,binding site
AGGCCGGCGGGGAG,binding site
GGGGCACAACCCTC,binding site
TTTGCCCTCCCCCT,binding site
CCCGCGCGGCGGCG,binding site
GTCTAGGAGTGCGC,binding site
ACTGAGGAACTTTG,binding site
ACTCCGCCCCCGCA,binding site
GAGGGGGCCGGGCG,binding site
GCGCGGGGTCCCGG,binding site
GCTCGCCGCACAAA,binding site
GCCCCCGGGAGAGA,binding site
CCAGCCTGAACCGG,binding site
CGAGGGCTGGGCCG,binding site
CGGGGCCGCGCTCG,binding site
CGCCACCGCCACGA,binding site
GGCCACTTACCGCG,binding site
AGGCTGAGGCGAGA,binding site
TTGGCCAGAGCCCG,binding site
TGGCGGGGCGGGGG,binding site
TGCGGAGTCAGGCG,binding site
TCAGCCCTGTGTCT,binding site
GGCGGGGCTTACCT,binding site
GGGGCTCCGGGGCG,binding site
GCGGGGGCGTTGCT,binding site
AGCGGAGACGCTGG,binding site
TCACTTCCGTTGTC,binding site
TACACGATTGGAGG,binding site
GGGCTCCCACCTGC,binding site
AGGCGCACACTCGC,binding site
CGGCCCCGCCCCCG,binding site
CCCGGCAGCTCGCC,binding site
GGTGCTCTCCGTCG,binding site
GCGGGAGGGGCTTG,binding site
CGAGCCCGGAGCGC,binding site
TAACGCAGCGCTGG,binding site
GGACGGGCGGCGGG,binding site
CGGGCTCCGTTCTG,binding site
CCGCGCTCACTTCC,binding site
TGGCGGAGCCGGGG,binding site
GCAGGGCGGGGGGC,binding site
CACCTGACTCAGAG,binding site
GGTGAGGGGCCATG,binding site
GTCACAGAAGGCGG,binding site
CTGCAGCCGCGCCG,binding site
GCGCCCTCTCCGGG,binding site
AGAGTGGAGGGAGC,binding site
CGGGGCCTGGGCGC,binding site
GCGCCCTTCGACCA,binding site
CAACGCGAGGGTGG,binding site
CGCCCGCCCCCACC,binding site
GGTCCCGGGCGCGC,binding site
GGCCCGGGCCTCGG,binding site
GACTCTTGGGCGCG,binding site
AACTCGGCGTTTGG,binding site
ACGCCCCCTGCGTG,binding site
CGGGCTCCGTGGCA,binding site
GGCCGGCGGGAGGC,binding site
TGGATGGGCGGGGC,binding site
CGGAGCGCGCGCGA,binding site
GCGGCCGAGTTGGT,binding site
CGCACTGACCTCCC,binding site
CGCCCAGAAGCGTC,binding site
GGGGCGGGGCGGGG,binding site
GGAGGGGCCGGGGG,binding site
GCCGGGCGGAGCCG,binding site
CGGCCCACGCGGCG,binding site
ATGAGCTCTGGGCG,binding site
GGAGGCGGGGCCTG,binding site
ATCCCCGCCCTCCG,binding site
ACACCAGGTAGGCG,binding site
CCGCTCTCCGCTCC,binding site
ACAGGGACGGGGGT,binding site
GGGACCCCGTCGCA,binding site
GGGTGGCTGGCGGT,binding site
TTCGACTGAGCAAG,binding site
CCTGCCCACCGCCC,binding site
CGGGGGAGGGGGCC,binding site
GCTCTGCGGGGAGG,binding site
TGCCTCAGCGTCCT,binding site
GGCCAGGGGGAGGG,binding site
GAGGCCGGCAGCGC,binding site
GAGGTGAGGGGCGG,binding site
GGGAGGGGCGCCGC,binding site
CGCTGTAGCAGTGA,binding site
GCGGCCGAGCTTCA,binding site
GCCGCGGGGGACCC,binding site
CCGGCCTGGCTTGT,binding site
GGGCGGGGCCGGGC,binding site
GACGGGCGGGCGCT,binding site
TTGCTAGGGCCGAG,binding site
CGGCGAGGAGGCGG,binding site
GAAGGGGGCGGGAC,binding site
TCATGTGATCTTCA,binding site
CCCGCCCCCAACCC,binding site
GCGCAGGGTGGACC,binding site
CAAGGTCCAGGAGG,binding site
GTTGGCAGCGTAGG,binding site
GCGCGGCCGGAGGT,binding site
GGGGCCAACAGTGG,binding site
GCGAGAAGAGCGGG,binding site
GGCGGGGCCAACAG,binding site
CAGCCTTCAGGGGA,binding site
TGGGCTGCGGCACC,binding site
AGAGGAGGGTGAGG,binding site
GCGGTGGCGCTCCT,binding site
TGAGCCGGCGCCCG,binding site
AGGGGCGGGCGTAG,binding site
CGGGCTCCGCCATG,binding site
GGGGGAGGGGAGGA,binding site
TCCGCGCCCGGGCG,binding site
TTGGCAAAGCCGAG,binding site
CCGGATACCTTCAG,binding site
GGGACCGGGCGGGC,binding site
GCGCGCAGAAAAGC,binding site
GGCCGTCGCGGCTG,binding site
AAGTTAGGGGAGAC,binding site
CTGGGCGGTGCCGG,binding site
CTGGGCGGTGCCGG,binding site
CCGGACTGATTCTC,binding site
CCAGCACGCGGCAA,binding site
GGTGCGGCGAGCGG,binding site
GGGTCCAGGGGGCG,binding site
CCACGCCGATTGGC,binding site
CTGCATTGTGGGGG,binding site
GAGGGAGAGAAAGA,binding site
CCCTCCCTTCGTTC,binding site
CAAAGACGGTCACG,binding site
CCTCGCGGGGGCGG,binding site
TGTCAGTGAGCGGC,binding site
GCGGGGAAGGACCC,binding site
CCCGCCCCGCCGCC,binding site
CGGCTTCCGGCAAC,binding site
GCAGGCGGAGCTGC,binding site
TGGGGCGGGGCTGA,binding site
GTTTGGAACTCGCA,binding site
GCGGAGGCGGAAGC,binding site
GGAGAGCGGGCGGC,binding site
GCCGGGGGAGGAGC,binding site
CGAAGGAGCGGAGG,binding site
GCGAGACGAAGATG,binding site
CCCCCTGAGAGCGA,binding site
TTTTTCTGAATTTG,binding site
GTTCAATCGCAGCG,binding site
TATCCACTGTAAAA,binding site
CTGAGCGCAGGCCG,binding site
GTGGGGCCGGCCGC,binding site
CTGACCCCTGGAGG,binding site
TCTGGAGCCGCAGG,binding site
GGCCTCTGCGAGCT,binding site
GGCACGAGGCCGAG,binding site
GCCTGAGGCCCGGG,binding site
GAGTGAGTTCGCCT,binding site
ATGAGGGGAGTGAA,binding site
CATTTCTCGGGCTG,binding site
GACGGGGCGCTGCG,binding site
CGGGATACGTGCTG,binding site
CGAGGGCAGCGCTG,binding site
GCGGCCGTCGAAGC,binding site
GTCGTGGGCCGTGG,binding site
CGGGGCAGGAAGGG,binding site
GGCTTCCGGTTTCC,binding site
GGCACAGCCCAAAA,binding site
GACCCGAACGGGGG,binding site
GGATGCGTGCGCGT,binding site
GGACCCGCGCCCGC,binding site
GGGCTTGAGGGCCC,binding site
GAGGCAGGGCGCGG,binding site
TACCCAGGGGAGGA,binding site
GCGCGCTCCCTTCT,binding site
GGGAAGCAGGTCCG,binding site
GCGGGGCGGGACTC,binding site
ATTAGGTCAGCGCT,binding site
GGTGGGGCCGGCGG,binding site
GCGTAGGGAGGCGG,binding site
GCGGAGGGAGAGCG,binding site
GACCGGGGGGAGGG,binding site
GAGAAGGCGAAGGG,binding site
GCGCCTCACGCAGT,binding site
CCGCGGCGGGGCAG,binding site
AGCCCATTGGCCCG,binding site
CGGGACGTGGGCGA,binding site
CGGAGCGCGAGTCG,binding site
TGCGCCCAGGAACC,binding site
CCGCTCGTCGGCTG,binding site
CCAGAAACTTATGA,binding site
TTGGAGGGACGCCA,binding site
ACGGCGGCGAGCGC,binding site
GGCGGGGCGGGGCG,binding site
GCGGGGCGGGGCGC,binding site
GGGCGCGGGCTTGG,binding site
GAGAGGGGGCTAAA,binding site
CCCCCGTTGCGGGC,binding site
CGTGGAGGGGCGGG,binding site
TTCCGCCGCCTCAC,binding site
GGAGGGAATCCTGG,binding site
AAGGAGCCCCGCCC,binding site
GTTTCTTCCCTCCT,binding site
AAGGCAGGTGGGGA,binding site
TGCCGAGTCTCGAT,binding site
TGCCCACGTGGCGC,binding site
CACGCGCACAGCCG,binding site
CTGGGCTGGGCCAC,binding site
TCGCGTGTCGGAGG,binding site
GGGTCGAGAGCGCT,binding site
CAGAGTGCGAGGGG,binding site
CCCCGTGCGGGAGC,binding site
GGGCGGAGACTCAC,binding site
GGGGCGGAGGCTCA,binding site
GCCATCGCCAACTT,binding site
CGGCTAGCCGCGCG,binding site
GCGATTGGCGCTGG,binding site
GGTGGAGGAGCGTG,binding site
GGCTCTGGAGGGTG,binding site
TAGAAGCCAGGGGA,binding site
CCTCCGGCACCGGC,binding site
CCTAGGGGAGGACC,binding site
CGCGCGCGGGCGAG,binding site
GCTGGCCCCTGTGC,binding site
CGCCGGGCGCCGCG,binding site
CGGCGGAACTACAG,binding site
GTGAATAGTTCCGG,binding site
GAAAACAAAGGCGG,binding site
GAGGGCGGTTGCGG,binding site
GGTCTGGGTGCGGC,binding site
GAGGGGGCGGAGCG,binding site
CCCCCTCACCTCGT,binding site
GCGGGGAGCGGGGA,binding site
GTGGGCGGGGTTTC,binding site
GGTTGCATATTTTA,binding site
CCTGCTGCACTGCT,binding site
GTGATGGTTGGTTC,binding site
GGTGCTCAGGGAGG,binding site
CGTGGTCCCGCCGT,binding site
GCCGCTCCCTTCCC,binding site
GCGGAAGGACACAC,binding site
GGAAGCGGAACCGG,binding site
GCTGATACCGAGAG,binding site
AAAGCTAGTAGCTG,binding site
CCTGGGTGAGAGGA,binding site
ACCAATAAAGAGTA,binding site
CACAGATTAAGCTC,binding site
CCAGGGACTGGGGC,binding site
TTTGGCAACAGCTG,binding site
AGGCCGCGGCGACA,binding site
AGAAGGAGGGAGGG,binding site
AGCCGCGGCCCCAG,binding site
GAGGGAGGGATTTA,binding site
GCGCGGGGCGGGGC,binding site
GCTCTGTCCTCCAT,binding site
AGAAGTAAGAGAAT,binding site
CCGCTTCCCTGGTG,binding site
AGACGGACGTAGCG,binding site
GGGGCAGCTGAGTT,binding site
GGGGTCGTGTTTAA,binding site
GTCCCATTCTTCTC,binding site
CGGGGCCGCCGAGG,binding site
CCCGGGAAGGCAAC,binding site
CCACCAAGGTTCCT,binding site
AGGCGCGGGGAGCC,binding site
GTGGGCGGTGCAGG,non-binding site
AATCAAAAGGGTAC,non-binding site
TTAGGCAGTTGGGT,non-binding site
TTAGTGACCAGAAT,non-binding site
CATTTAGAAGCAGC,non-binding site
TTTAGTCAGGCATA,non-binding site
ACAAGATGATTAAT,non-binding site
TGCTGGCGCATGCC,non-binding site
TGTTGCCATGTTAA,non-binding site
AATTAACATACTCA,non-binding site
TCTTACATTTATTT,non-binding site
TTCTTCTTTGCAGT,non-binding site
TCTTTCTTATTTCT,non-binding site
CTGTAGCATCAACC,non-binding site
TGAGGAGATCTCCA,non-binding site
TACTCGGGAGGCTG,non-binding site
CATACACAATTTGA,non-binding site
TGTTATGTGTGAAT,non-binding site
CATAAGATTCTTAG,non-binding site
AGGCTGGAGTGCAG,non-binding site
TGATCAGCCTGGGC,non-binding site
AATGATGGTTTCCA,non-binding site
AGAATGTTGCAGCC,non-binding site
AGTTTGTGTTAGTC,non-binding site
GAGGAGCCGCGGCT,non-binding site
TTCTGAATATTTTG,non-binding site
CCGGTCCCACACAG,non-binding site
AGATTTTGTTTAAA,non-binding site
AGAGCAAAACAAAA,non-binding site
GGATCTGCAGAATA,non-binding site
TAGAGAAAGGGTTT,non-binding site
GCTCTCATGAGACT,non-binding site
GGGCACTGCTCTCA,non-binding site
GGGAGGTGGGCCCA,non-binding site
TTGAGCCTCTGGAT,non-binding site
TCTTCTGATTCTGT,non-binding site
GCTAAGTTCGTGCT,non-binding site
AGGGAGAGAGGACC,non-binding site
AATACTAGGTCTTA,non-binding site
TTTTTAGACAGGGT,non-binding site
GGGCCAGCAGCAGC,non-binding site
AACGGGCAGACTGC,non-binding site
GACATAATGCAGTA,non-binding site
CAAATGGCAAGAGT,non-binding site
GCCAACTTTAGGAA,non-binding site
GTGGTGATTCCTCA,non-binding site
GCTTTGAGACTAGT,non-binding site
TGGGAGGCCGAGAT,non-binding site
CCCTCTCACATCTC,non-binding site
TTGGCCGGGCAAAG,non-binding site
TGGTATATAGTTTC,non-binding site
CTTGTAGGAGTAAG,non-binding site
AGGGGACCCTTCCA,non-binding site
ATCACTAGGTCAGG,non-binding site
GAAGAGCTGACTCC,non-binding site
ACCATTACTTCTGA,non-binding site
CACCTTACCCCAGC,non-binding site
TAAGCAATTCCGCT,non-binding site
CGTGGCTGGAGACA,non-binding site
TCATTTCTTTTATG,non-binding site
ATGGTATCACAGTG,non-binding site
GAATGAACAAATAT,non-binding site
TGGAGGGTGGCAGG,non-binding site
ACTCAAACAAATTT,non-binding site
TTTGAAGATGAATT,non-binding site
CCATTTTTTTCCCC,non-binding site
GAAGAAATTAGAAC,non-binding site
GGGGTTTCACCATG,non-binding site
AACCCTGTCAATGC,non-binding site
CAGAAAACCCTTTG,non-binding site
GCTGCTGAATTAGG,non-binding site
TCTTTTTCCCTACC,non-binding site
GACATCCCCTGTGC,non-binding site
AGGGATGCAGAGTT,non-binding site
GGAGGATGGCTTGA,non-binding site
TTCCATTGATATGT,non-binding site
TATGTCCAGGTACC,non-binding site
GTGAGAACATATGA,non-binding site
TATTAATTATTTGT,non-binding site
TAGAATAGATAACA,non-binding site
TTTGCTGAAGTTGC,non-binding site
TTTGAGATCCTCGG,non-binding site
GTAGGCTTTGCAGT,non-binding site
TAACCAGAAAAAAA,non-binding site
GTGGCCCGGTGGGG,non-binding site
TACTGAATCACCTA,non-binding site
AAATTTTTTTTCAT,non-binding site
CGCTGTTCTAAACC,non-binding site
GTAAAAACCCCATC,non-binding site
TTATAATTTGCCTT,non-binding site
GGAACTTTCGTGTA,non-binding site
ATGGAGCTAAAATC,non-binding site
TTATGACTGAATAA,non-binding site
TGTGCTGCAGTATA,non-binding site
GCATAATGGGGAGG,non-binding site
TCGCGCCACTGTAC,non-binding site
AGGAGAATTGCTTG,non-binding site
GCCCCACCTCTGAA,non-binding site
TGAGTCTTTGACAT,non-binding site
AACTCACTCTCCTT,non-binding site
CTGTCTTGCTGGCC,non-binding site
GCTCAGAGAATGTT,non-binding site
ATTCTCGTTTATGG,non-binding site
CATGTCAACCATTC,non-binding site
CAATGCACATTAGA,non-binding site
ACTCCGGAGGTAGG,non-binding site
TCCAGGCGAGAGTC,non-binding site
CTGCCAGAAGGAAC,non-binding site
GACTGGTGTTTTGT,non-binding site
TTGAACCTTACTAA,non-binding site
AGGCTGGCTCTACC,non-binding site
TTTAACATCTAATT,non-binding site
GAGTCATTTGTCCA,non-binding site
AACAAGAGCAAAAC,non-binding site
CCCCATCAGTTGTT,non-binding site
ATGCTTCTATATCA,non-binding site
GGCCAAGTAGGAGG,non-binding site
GGAGCTGAGCTCCT,non-binding site
CTTGGTTGGAGGTG,non-binding site
CCTCATTTTAAATA,non-binding site
GATTTGAGGGTCTT,non-binding site
ATGGTAGGTGGCCC,non-binding site
TTTAGGTTTTCTAG,non-binding site
TGAAAGGAAAGAAA,non-binding site
GTCTAACCAGATAA,non-binding site
GTGTATATATACAG,non-binding site
TGGGAACCTTGTGA,non-binding site
GTTTGCCATAGGAA,non-binding site
CATGAGAACTGCAT,non-binding site
TGTGTGTGTGTGTG,non-binding site
ACACTAAATTGAAA,non-binding site
TTAGATGTTCTGGG,non-binding site
AACTAAGTTAGAGC,non-binding site
TACTAGAAATACAA,non-binding site
TACTGAATATAGGT,non-binding site
GGCGCTGTGGTGTA,non-binding site
TGATAGGATAAGCA,non-binding site
TTATGGGTTATACT,non-binding site
CCCACAAATGTATT,non-binding site
GCATTTCAAACCCA,non-binding site
GTCAGGGTGGGAGG,non-binding site
TAGAACAATACTTG,non-binding site
TTGTTAGAAATACA,non-binding site
AAAAATTTTTTAAG,non-binding site
TTTCATTAAATTTC,non-binding site
TATTCACTTTAAAA,non-binding site
GGCTCTGGTTCTGA,non-binding site
GAGAAACCAAGAAT,non-binding site
GTCTCACTCTGTCA,non-binding site
CAGTTGGATGTCTT,non-binding site
AGGCGGGACAGTCC,non-binding site
CAAGCACTGGCTGA,non-binding site
CCAGCTTTTGCCCA,non-binding site
ATTGGATCTATAAA,non-binding site
AAAGTTTCACTTTG,non-binding site
CTTGGCCTCCCAAA,non-binding site
TTGAGGCTAGGAGT,non-binding site
CAGAAGGCCCTGCA,non-binding site
CTTCCATTAAAAGA,non-binding site
CAGTCTCTGGTTTC,non-binding site
CCCTGACTTCTACC,non-binding site
AGAGACACTGTGGC,non-binding site
TGGAGAACAAAGTG,non-binding site
CCTAACTAGAAGCT,non-binding site
TCTAGAAGATCCCC,non-binding site
GATCATGCCACTGC,non-binding site
TACAAAAGAGGAGG,non-binding site
TGATACCAAGTGGA,non-binding site
GCTTGGGGAGCCCG,non-binding site
AACAGCCTAGTCTA,non-binding site
CATGATAGATTTTT,non-binding site
GATTTTGATTGCCT,non-binding site
AGCAGGGCTTGGAG,non-binding site
CATTAAGACACTAG,non-binding site
ATAAAACTTAGTGA,non-binding site
AATTTGGGGTGACT,non-binding site
GGACACAGGAAGGG,non-binding site
CAGACGAGACTGAG,non-binding site
ACAGCCAGGTCGCT,non-binding site
GGATTTCAGTGTAG,non-binding site
AAAAAGTAAGTTAT,non-binding site
AATATGTCACCAGG,non-binding site
TTGCAAATGTGAAA,non-binding site
TTATTACAATCAAA,non-binding site
GATCTTCCAGATTG,non-binding site
TCCCTATAATCCCT,non-binding site
CACAGAAAAGACTG,non-binding site
CTATACTTATTCAC,non-binding site
GAAGTTGAGGCTCA,non-binding site
GATCAACAAAATTG,non-binding site
TATCTCAGTACAGT,non-binding site
ACAGGCTCCTTGGG,non-binding site
AATTTTATGAGGTA,non-binding site
ATCCTCCCACCTCA,non-binding site
AAACTGTTCCAAAC,non-binding site
TCAGTGTAGGGAAA,non-binding site
GCCCATCAAAAAGC,non-binding site
GGTAATTACAAATG,non-binding site
TGATGGGACCGTTT,non-binding site
CCAGATGCCTGTCC,non-binding site
ACACACACACACAC,non-binding site
CCATTTTACACATG,non-binding site
CTGATTTTGATGAA,non-binding site
GCTTGATTCAATAA,non-binding site
CATGATTGGGTTCA,non-binding site
TCTGAGCTTGGTGC,non-binding site
AAGGAAGAACCCAG,non-binding site
TTAAATGGGCTCAA,non-binding site
AGGTTAATGAACTG,non-binding site
ACTTATTTACTGCT,non-binding site
TTAAACTCAAATTT,non-binding site
GCAAGCCACTGAGT,non-binding site
AAAGTGCAAGCATA,non-binding site
CATTCGAATGGGGC,non-binding site
TCAGCAGCTACTGA,non-binding site
CAACACACACCTGA,non-binding site
TAATTAGAATATAT,non-binding site
GGGTAAATAAGCCA,non-binding site
AAACCTACCCCCAG,non-binding site
TGGCCAACATACAG,non-binding site
GCTCAAAGGTGAAC,non-binding site
TTTATAGAAAAAGT,non-binding site
GCGGAGCGAGCGCC,non-binding site
AGCACCTCACCAAA,non-binding site
TATATAGTGCCTAG,non-binding site
TCCTCTTCCCTTTC,non-binding site
TGATAATGTCTAGA,non-binding site
GACATGAAAAGATA,non-binding site
GAGGGCCACCATCC,non-binding site
TGGCTAATCAGGAA,non-binding site
TGTGGCAGCACTCG,non-binding site
ACCCTTTAGTGGAA,non-binding site
AGGCTGGGTGCGGT,non-binding site
CAGGCGTGAGCCTC,non-binding site
TGCCTGCAGCTTTC,non-binding site
CCTTCATCAGCAGA,non-binding site
AAAGGAGCCCAAAT,non-binding site
TTTTTTGGATATTT,non-binding site
TGACTGAATTAAGG,non-binding site
ATGCGAAGTAAAAT,non-binding site
ACAAATGTATAAAT,non-binding site
AGCACTTTGTATAT,non-binding site
CTTTTTCTCATTCT,non-binding site
CCATTAACAATAGA,non-binding site
ATAGCCCCTGAAAA,non-binding site
AATAAATACTCTTG,non-binding site
TATGTCAAGTACTC,non-binding site
GGGAAGAAAGAAAT,non-binding site
TAATTACAGTATTG,non-binding site
CCCATGATCTAAAA,non-binding site
GACTATGCAGTCAA,non-binding site
TGACTTTGGATTAA,non-binding site
CCAGAAAACATGTA,non-binding site
TGCCTGTAATCCCA,non-binding site
GAGTATGTAGTGAG,non-binding site
CAAAATAAGTTATT,non-binding site
ACTCCAGCCTGGGC,non-binding site
TAATATGTTCATAT,non-binding site
CATGGCTGGGGAGG,non-binding site
CAAAAACCTCAAGG,non-binding site
CTGCAAAATTAAGC,non-binding site
CACCATGTTGGCCA,non-binding site
AGGATATTTTCCAG,non-binding site
AACCACAGCTCAAA,non-binding site
CTACCACCATGAAT,non-binding site
GAACAGATGTTGCA,non-binding site
CCCGCTGTCTTTCT,non-binding site
AGAGAACTTCACAG,non-binding site
ATAAATTTATGTTG,non-binding site
AGCCCTCCACAAGT,non-binding site
GAAAAAGTACAAAA,non-binding site
AACCTGGCAGTTCC,non-binding site
AGTAACTTAGCAAG,non-binding site
GTTAGTTTTTCAAT,non-binding site
TTAAGTGTAAAAAA,non-binding site
TTTTGGCCAGGCTG,non-binding site
TGAGTCAATCCCAC,non-binding site
GGGTATATAATAAA,non-binding site
TGAGAAATACTTGT,non-binding site
GATTTGAAAAATGA,non-binding site
GTTTTCAGCTTGAA,non-binding site
GCTGTACTCTTAAA,non-binding site
CTTTTCTCCCCAGG,non-binding site
AAAACTCTCAATAA,non-binding site
CAGTCATAGCTGAT,non-binding site
GGTAAGTAAGAGCC,non-binding site
CTCATGCTGAGAGT,non-binding site
TGTAAAGATTAACG,non-binding site
CTGTTGCCCAGACT,non-binding site
CGCCTGGCTAATTT,non-binding site
GGCAACAGAGCAAG,non-binding site
TAAATATTTTTAAG,non-binding site
CCAGCCTTCTTGGA,non-binding site
AATATAACGTATCA,non-binding site
ATGATATAACATAT,non-binding site
CGCCCGCCACCATG,non-binding site
TCTTCCTTGGCTTC,non-binding site
CAAATGCCCACCTA,non-binding site
TATTTATCCTGGAT,non-binding site
TACATGGGGCACAG,non-binding site
AGTTGTCATAATTA,non-binding site
GCAGTACAGGAGCA,non-binding site
TTATATAGCTGAAT,non-binding site
AGGACTCGGGGTGG,non-binding site
GACCTATCAACATT,non-binding site
CTGGGAGGAGGTGC,non-binding site
ATCTTAGGCCCTAT,non-binding site
GAGAAGAGCCATTG,non-binding site
CAAGTGAATACTGC,non-binding site
ATTAGTCCTTAATA,non-binding site
TCTCAGACCACAGT,non-binding site
TCCAGCAAGGTCTG,non-binding site
TGGATATTCTCAAA,non-binding site
TCAGAGCTCGCGCT,non-binding site
AGAGTTTTATTAGC,non-binding site
ATAGCGTTGCCTCT,non-binding site
TGCAACAGGATCTC,non-binding site
TGGGGAGTTTAATG,non-binding site
AGCGATTCTCCTGC,non-binding site
AAAGGCATTAATTA,non-binding site
TTTTGTAGAGATGG,non-binding site
CTTCTGTACTATTT,non-binding site
GAATAGCCCTCAAG,non-binding site
CCCTAATAAGCCAT,non-binding site
GATGTCTGTGACAC,non-binding site
TTGTCAAACTTTCT,non-binding site
CTGTTTGCTTTAAG,non-binding site
GGGTTCAAGCGATT,non-binding site
TAACTCAAAAAAAG,non-binding site
GCCTTAGCTTGCTC,non-binding site
GTGCCAGTAACTAG,non-binding site
AAAGGTTTTAAAAA,non-binding site
AATCATAGCCACTA,non-binding site
CGGTGAGCTGAGAT,non-binding site
ATTCTCTTCATATC,non-binding site
TGAATAATTCTGTT,non-binding site
CTCAATGGGTATTT,non-binding site
TGCAGATGCAGCCA,non-binding site
TACCATCCATAATG,non-binding site
ATAAAATTGGAGAC,non-binding site
GGCCATAAGTGAAA,non-binding site
TTTGTACTTGGGTC,non-binding site
TAATTGACATTGCT,non-binding site
AATGAGAAAATAAC,non-binding site
CATAAGAAAGATTA,non-binding site
GAGGAATTGGGAGA,non-binding site
CAGGTTCAAGTTAC,non-binding site
ACTAATAACTATCT,non-binding site
CTTGGTCTGGGAGC,non-binding site
CAACAAAAAAAACT,non-binding site
CGTTAAAAAGTCAG,non-binding site
ACACATGTGAGCCA,non-binding site
GTCATCGCTGTTGA,non-binding site
GGCATCATACTCAG,non-binding site
TTGTGGGAGTTTTT,non-binding site
CAGCATCCAGTGAA,non-binding site
TTCAAATCCTAGTT,non-binding site
GAAGAGGGCATCAG,non-binding site
TGAGCCTTGGGATG,non-binding site
AGGACGCGTGTCGT,non-binding site
CTACAGGGGCAGAG,non-binding site
TATTTTAATGAGGT,non-binding site
CTGCAGGTGAGGGT,non-binding site
GGGAGCTTTGGAAT,non-binding site
GCATAGTCCTTATT,non-binding site
GAGGAAGTGAGCTC,non-binding site
AAATCTTGTGTACT,non-binding site
AGAATCCTTAATCA,non-binding site
GTGTTTTTCAGCTC,non-binding site
TTTGAGACCAGCCT,non-binding site
TAGACTTTATCAAC,non-binding site
CTTTGCCCAGGTAA,non-binding site
CGGCCCCTCCTCAG,non-binding site
TGTATGTTTATTGC,non-binding site
TTCAGCAGGCTGAC,non-binding site
AGCCCCTGTCTTGC,non-binding site
TTTTGGTGATGAGG,non-binding site
TTGTGTTTCTCTTT,non-binding site
GAAATATTTTAAAA,non-binding site
TTCCCCATTGTGTT,non-binding site
AAGCCATGTCCCTA,non-binding site
TAGTCCCAAACTCC,non-binding site
CTCCTGGCCCCAAG,non-binding site
GGGAAGAACCCAGT,non-binding site
TTCCTCCCCTTTTT,non-binding site
CGTCGCACCCTCAA,non-binding site
CCATCTTCGTTTCT,non-binding site
TATTATATCATTGT,non-binding site
ACAAATCTAAACGC,non-binding site
CTTCTAAAACCAAA,non-binding site
TGGGAAGCTTCCAG,non-binding site
GAGTCTAAACAATA,non-binding site
CTCATCTTGAATTG,non-binding site
ATTACTTTGTAATT,non-binding site
AAAAAAAAAAAAGA,non-binding site
AAAGAATAAAATGT,non-binding site
ACCAGATAGCTGAT,non-binding site
GGAATAGGAACAAT,non-binding site
AGCATAGAGAACCC,non-binding site
AGGCAGGAGAATCA,non-binding site
ATCTATCTCTCCGA,non-binding site
ATCCGTTTCCGGGT,binding site
CGCTCCCCGGCGGC,binding site
GAACCTCCCCGCGG,binding site
AGGGGGTAGGGGGG,binding site
CGTGGCATCGGGGC,binding site
CCGGATCAGGCCAC,binding site
GCCGTCGACCCCGG,binding site
GCGGCGGGCGAGGG,binding site
CAAAACTCCGGAGG,binding site
CACAACAAAGGGAC,binding site
TCGGACCCCAGCCC,binding site
CCCGGCGCGGGCTT,binding site
TCTTGGCCAGCGCT,binding site
CTTAGCGACCAGCA,binding site
GGGCCAGGGCCCGG,binding site
GGAGCGGCTGGGAA,binding site
CCCCGACTTGGACG,binding site
GGTGCAGACCCAGG,binding site
CGGCGCAGCAAAGG,binding site
GGGATTCGGGGGCG,binding site
TAAGGCGGCCGAGA,binding site
GCGCTTCGCTCAGC,binding site
GCGGGGCGGGCCGA,binding site
TTCGATTGCCCCCG,binding site
GCCGCCCGTCCGCA,binding site
CCCTGAGGACCCAG,binding site
GGGGTTAAGGGGGC,binding site
GGCCCCGCCAATAC,binding site
GGCCTGTCGGGAAA,binding site
GAAGCTTTGTTTAG,binding site
AACGGGAGCTGTGC,binding site
GCGGGGGCGTCGTG,binding site
ACCATCGCGGAGGT,binding site
AAGCTCCGAGGCCC,binding site
GCGGGGCGGGGCGG,binding site
GCTGGCGCACCGTC,binding site
GCGGGGCGGCGGCG,binding site
TCCACTTCCCACTT,binding site
CTCCTGCTGCTGCT,binding site
TGCGGGCGGGGCGG,binding site
GGACTGGCGGGCGG,binding site
CAGCTCGGGGCGGT,binding site
TCAGCCCCGGCCTC,binding site
GAGCTGGTCCCGTT,binding site
GCTTCTCCAGGGGG,binding site
AGGGGTGGGGCGGG,binding site
CTGGCCCAGCGCTG,binding site
CCGAGGCCGTGCCT,binding site
GCGAGGACTCGCGT,binding site
TCTGCAGAAAAACC,binding site
AGCCTCAAGCTGTC,binding site
GGGCACTGGGGCCA,binding site
GGTCCGGCGCGCGC,binding site
GGGCGGGGGCGGGG,binding site
GGAGCGAAGACTGA,binding site
AGGGGAGTCACGTG,binding site
GCGCGCTTGGCGGC,binding site
GGAGGAGGGGCGAG,binding site
GGGCGGCGGCGGCG,binding site
TTGCCTGGCGCCTC,binding site
CTTCTGCAGCGCTT,binding site
GCGGCGAAGGCGCG,binding site
GTGGGCGGAGGGAA,binding site
AGGAGTCTGAGAGG,binding site
GCAGCCCACTGCGA,binding site
ACTGCGCGGGGGGA,binding site
CTGGGGTTGGGAGG,binding site
AAGGGGCAGTGCCG,binding site
GCGGAGCCTCGGGC,binding site
GGCGGAGCCGAGGG,binding site
AGCCCCCGGAGGGA,binding site
GCCGCTGCTATGCT,binding site
GCGGCGCCTCCAGG,binding site
ACTCCTGGGCACCC,binding site
AGTATGGAGAGCGG,binding site
CGGGGCCGGCCCCC,binding site
GCGGCGGGGGCGGA,binding site
GGACAGCGGTGGCG,binding site
CGAGGGAGGCTTCG,binding site
AGGTCTTCAGGCAC,binding site
AGGGGGCGGTGGGG,binding site
AGGGGCACGCACCT,binding site
CTCTAGCCGCGAGA,binding site
CCAAATTGTGACGT,binding site
GAGGGGCCGGGAGC,binding site
GCAGCCACCAAGGG,binding site
ATTCAAAGAATGAG,binding site
GCACTTAAAGGGCC,binding site
GCCCGCGGGCACCT,binding site
CCCGAAAACAGGAC,binding site
CCGGGACGCAGCGC,binding site
GGGGAAGGCGGAGG,binding site
GGCTGGCTCAGAGT,binding site
CCCGTTTGTCTGAA,binding site
TGGCCTCACTGCAC,binding site
TCCCGGGCCGTCCG,binding site
GGCGCGGCCCGTCT,binding site
GGGCGGGGGCGGAG,binding site
AGAGCCCGGGGCGG,binding site
GCGGGGCGGGGCCG,binding site
GCTCCGCCGACCCG,binding site
GCTCACCTAGACCT,binding site
TCCGTTGCGCGCCT,binding site
GTACTGTGGGGTAT,binding site
GCGTCGAAGGCAGT,binding site
GGGAAGGGGCCCTC,binding site
AAAAAACCGCCGCC,binding site
GGCCGGCCCTCGGG,binding site
AGGGCAGCCAATCA,binding site
AGGGGGCGGGGAGG,binding site
GGAGCCTGAGCCGG,binding site
CAGGACGGGGCCGA,binding site
GGGGTTTATCTTCT,binding site
TGCGGCGGGAGGCC,binding site
AGGAAGGCGGGAAG,binding site
GTGGGAGGTGCGTC,binding site
GAGTGTGTGTGAGC,binding site
GCTGTCCGGCCCCG,binding site
GCCTGATGCAAAAC,binding site
GCCGGGAAAGGGCT,binding site
TGGGGGCGTAGCGC,binding site
CGGCACGCCGGGAC,binding site
GGGCTGAGATTGGA,binding site
TACTGCAGGGGGCG,binding site
CCCGCGGGCTGGCG,binding site
GCGGACCTGTAAGA,binding site
GGGCGGGGACACAA,binding site
GTGCGACCCTGGTC,binding site
GGGCGGCGGGACGG,binding site
GGCTGCGGAAGGCG,binding site
GGCGGCCGAGCCGG,binding site
GAGCGCCGCCGGAA,binding site
GCGGCGGGCCCGGG,binding site
CGCCCAGGGCAGTG,binding site
AAGGGCGGTGCCGG,binding site
GCACGTGGGGCCTG,binding site
ATCAGTCCCGGGGG,binding site
ACGACGGTGAGCAC,binding site
GGGCGGTGCCGGCG,binding site
GGGGAAGCCGCGTT,binding site
TCGGGACTGGACCT,binding site
GTGAGGAGCAGCAG,binding site
AGGGGGAGGGCAAA,binding site
GGGAGGGGGCGATA,binding site
GCGGGGCGCCCCCG,binding site
GCGGAGCTCCGCCC,binding site
GCGGCCACCGGCAG,binding site
GGGGTGGGGCGGGG,binding site
CTCGCGGGAGCCCC,binding site
CGGCTCCCGCGGCC,binding site
GCGGGGCATTGCCA,binding site
ACCCTGCTGGCTGC,binding site
AGGGCAAGGTCCCG,binding site
CCGGCCTGGCTGCC,binding site
TTGCGTTGGGATGG,binding site
CTATATAAGACGAG,binding site
CAGCTTCTGAGATC,binding site
GAGGGGCGGGAGGG,binding site
CGGCCCCGAGCGGC,binding site
TGGCGGGGCGGGGG,binding site
AGCAAGAACAGCAC,binding site
AGGGGCGGGGGCAC,binding site
GTCGAGGCAGGCGA,binding site
TTCCTGCGGGGGGG,binding site
CCCAGGCGGGGGGA,binding site
TGGAGGCGTGCGAG,binding site
CCCGGGGGGGCGGG,binding site
CTCGCCGCAGATAT,binding site
GGAGCGGCCGGAGA,binding site
CGGGGGCGGGGCCG,binding site
GCCCCGGGGGCGGG,binding site
GTGTGGGAGGGGGA,binding site
CAAAAGCAGAAGGT,binding site
GCGGGAGGGGCTTG,binding site
CAGAGGCGGGGCCG,binding site
GAGAGGGGGCCCGT,binding site
GGACGGGCGGCGGG,binding site
AGGGCTGGGACACC,binding site
CCGCGCTCACTTCC,binding site
GCGCGGGGCGGCAT,binding site
CAGTTACGGCGCGG,binding site
CGGTAGCAAGCCGC,binding site
GCGGGGGGGATGGG,binding site
ACCGCCGCGTCCGC,binding site
CTGCAGCCGCGCCG,binding site
GGCTTCTGCGGGAT,binding site
CCCTGGCTTCCAGG,binding site
TGCGAAGCCCGAAA,binding site
CCCGGGGGCCCGAG,binding site
CAACGCGAGGGTGG,binding site
CGCTCTCGGCGGCG,binding site
GGCAGGGAGAGGGC,binding site
GGCCTCTCTTGTGA,binding site
GGGCGCCCGCGTCG,binding site
ACCCCACAAGGAGG,binding site
CCCCCGCTTCTCCA,binding site
GATAGGCACGCGGG,binding site
GGCCGGCGGGAGGC,binding site
CCCGAAAGGGGGCG,binding site
GTGCGAGGGTGATA,binding site
AGGCGGCCGCGGGG,binding site
CCGGGCCGGGGCCG,binding site
CGCCTCCGCTGAAC,binding site
TAGGCTGTGCGCAC,binding site
CCGTTGGGCTCGCG,binding site
CGGCCCACGCGGCG,binding site
GAGGGGCGGCGCCC,binding site
ATGAGCTCTGGGCG,binding site
AGGAGGCGGGGCAA,binding site
GGCGGGGGGCACTT,binding site
GTCTCAGCACACAC,binding site
CGGCCTAGTTACCA,binding site
GGGCGGCCGCGCGC,binding site
CTGAGCAGGGCGGG,binding site
TTCGCCCGGGGGCG,binding site
GGGGGGCGGGCCCG,binding site
GGTGCCGGGGCGGG,binding site
GGCCCCCTCCCCCG,binding site
AGCAGTGAGGGTAC,binding site
TTCCGGGGAAAGTC,binding site
GGCCCCGGGAACAC,binding site
GGGCGGGCCCGGGC,binding site
GCGGCGGGCGGCGG,binding site
GGACCAGGGATGGG,binding site
GGACCTCGGGAGAG,binding site
TGGCCAATGCGGAG,binding site
GGGCGAGGGGGCGG,binding site
GCTGCGGGGCGGGC,binding site
GGGCGGGGCCGGGC,binding site
CCAATGGGCTGCAG,binding site
CGTTGTTTCGGCGC,binding site
GGTGATGTAAGGCC,binding site
ATGACGGAGGGGAA,binding site
CGCGCCCGGCTTTC,binding site
GCACCCCCGTCCGT,binding site
TGGTGAGTCCTGGC,binding site
CCTCCTGGACCTTG,binding site
GGCTCTCGGCGCGC,binding site
GGCCGCGGCGAGCC,binding site
GGGGCCAACAGTGG,binding site
GGGGCGGGGGTGGC,binding site
GAGCTGGAGAAGCT,binding site
ACAAGCGGGGGTAT,binding site
GGCAGCGGAGGCGG,binding site
CGGGGCGAAAGTCG,binding site
CTGCTGACTGGTCA,binding site
CGCGGACTACAAGT,binding site
GGAGGGGTGTCCCC,binding site
GGGAGAGCGGCGCG,binding site
GGGGGAGGGGAGGA,binding site
CGAAAGATTCGAAA,binding site
GTGCGGGGGTGGGG,binding site
CCCGCCCGCTCGCT,binding site
GCGGAGGGCGGGGC,binding site
CGAGGAAACTAACT,binding site
CGGCGGCCACGGAG,binding site
AAGTTAGGGGAGAC,binding site
CTGGGCGGTGCCGG,binding site
CCCCTGGAGGCACA,binding site
GGCGGACGCGAGGA,binding site
GTGGCGGGACCGCC,binding site
CCCCAGCTGCGCCG,binding site
GCGGGCGGGGGGCT,binding site
GCGGGGCGAGCTAG,binding site
CTGCATTGTGGGGG,binding site
GTTGCCGGGGGAGA,binding site
GGAGGGGGGAAACA,binding site
CATTGAGAGCGGAG,binding site
CTAGCCCTTAGGCA,binding site
TCTGTAAAGAACTT,binding site
GCCGGGGCGGGCGG,binding site
CGCGCGCTGGCGGC,binding site
AGGCGGGGCTCTTC,binding site
GGGGCGGGGCTGAG,binding site
GGGAGGCGTGGCGC,binding site
CGGACCTGGAGGCG,binding site
TTCACCTCACGTGA,binding site
GGAGAGCGGGCGGC,binding site
CTCCCGCAGCCAAT,binding site
CCGCCCGCCTGTTT,binding site
GCGAGACGAAGATG,binding site
GGGCCGAGAGGCGT,binding site
GTTGGCAGCTGGCG,binding site
GGACAGGAGGCGGC,binding site
GGACCTGCCAGGAG,binding site
CTGAGCGCAGGCCG,binding site
CCAGCGGCAGCCCC,binding site
GCTTTGCGTGGGGG,binding site
GTCAGGGGCGGGGC,binding site
GAGTGGTGGGGGCG,binding site
GGCACGAGGCCGAG,binding site
GGAGGGGAAGGAGA,binding site
TCAGCTTAGCCCCA,binding site
GCCGAGAGGGGAAG,binding site
GGGAGGGAGCGGGT,binding site
ATCCCGCCCACGGG,binding site
TGGCCCGTTGCGTC,binding site
ATAGGGGAGGTGGG,binding site
CGCAGAGAGGGCGG,binding site
ACACCCGGCCCCGA,binding site
CCTGGCCACGCGCC,binding site
GGCTTCCGGTTTCC,binding site
GGGGTGGGGCCGCC,binding site
GACCCGAACGGGGG,binding site
GCGGCGCAGCCGCA,binding site
AGGAGAAGGGAAGG,binding site
GGGAGGGGAGGGGC,binding site
GAGGCAGGGCGCGG,binding site
GCCGGGCGCTGGGC,binding site
CCGCCCCCGCCCGC,binding site
GCCTGCTATTGGCT,binding site
GTTGGTGCTACACA,binding site
CCATCAGGCCGACC,binding site
GCGGGAGGCGGGAG,binding site
GCCGGAAGCGTGGG,binding site
CCGGGACAGGTTTT,binding site
CAGTTCACCTAATA,binding site
GGGGGCAGGGACTG,binding site
GGGCGGCTCCCGCC,binding site
CAAGTGACTGGCCC,binding site
GCCGGCCGCGCAGG,binding site
TGCAGCAGAACGCC,binding site
AGCGGGCGCGGGGC,binding site
GTGGGCTGGCGGCG,binding site
CAAGGAGTAGGGCG,binding site
GGGCTGAGGGAGGG,binding site
CGGAGGGCGTGGCT,binding site
CGGCGGGGCGGGGC,binding site
GCGGGGCGGGGCGC,binding site
GCCGGGGCTGGGGT,binding site
GGAGGGCGCGGTCT,binding site
TCGCAGTCCTGGGG,binding site
GTGCCTGAGCCGAA,binding site
CGTGGAGGGGCGGG,binding site
CCTGTGCTCGGTGG,binding site
CAGCAGCCGCGGCG,binding site
CGCACCGTGATTGG,binding site
TGTCGGCGTCGGCG,binding site
AAGGCAGGTGGGGA,binding site
GGCAGGTCGGCCCG,binding site
GGCGGAGGCGGGGC,binding site
TGTGGCGGGCCGAG,binding site
GGAGGGGGAAGAGG,binding site
AAAGAGGCGGGGGC,binding site
CGCGGGGCGGGGTG,binding site
ATGAGGACTGCGGG,binding site
CCCCGTGCGGGAGC,binding site
CAGGCGCAGGGGGC,binding site
TCCTTTAAGCGGAC,binding site
TCAAACCCAGCTCT,binding site
GCTGGGCGGCTCCG,binding site
GGAGAGATGTCGGG,binding site
GGGGATGGGGTGAG,binding site
TAGAAGCCAGGGGA,binding site
GTCAGACGCTTTAG,binding site
CAGCGCCGCGGCGG,binding site
GCCAGCGAGGCTGC,binding site
GACTTTAAAGCGTT,binding site
GCGGGCACTAGAAT,binding site
CGAGGGCCGGGGGA,binding site
TTCCGCAGAAAGCA,binding site
AGGGAGGCTGAGGA,binding site
CGGCGGGCGGCGCG,binding site
GGGCCGGAAGTGCC,binding site
AGAGTTGCGGGCTC,binding site
GAGGGGGCGGAGCG,binding site
GCCGGGCTCGCAGG,binding site
GGTTCCTGCGCGCG,binding site
GTGGGCGGGGTTTC,binding site
GGGTCTGGGGCGCA,binding site
CGGGGCGGAGCCCT,binding site
CCGGGCAGCCAGGC,binding site
GCCCTGACGGCAGG,binding site
AGGCGGGGCGGAGA,binding site
GCTGAGATGGAGAA,binding site
GCGGAAGGACACAC,binding site
TGCGGAGTTGGCGG,binding site
GAGAGGAGGGGTGT,binding site
AGGGGGCGCCAGCC,binding site
TACGGTCTTCAAGC,binding site
GGCGGGATTAAGGT,binding site
GGAGGAGCTGGCAA,binding site
TGCCCTCAAAGCTG,binding site
ACCGCGAGCGGAGG,binding site
GGTTCGGTCCGACA,binding site
AGCGTATCCTCTGA,binding site
GCGGGAGGCGGCGG,binding site
GCTGGGAGGCGGGC,binding site
CGGTGCTAAAAGCA,binding site
GTCAGACTCGGGGG,binding site
ATGGCTTCAGAACC,binding site
GCGGAACCGCTGCT,binding site
GTGAGTCAGAAACA,binding site
GGGGTTGGCGGTGC,binding site
GGAGGTACGGACGG,binding site
AGTGGCTTCCAGAG,binding site
GGGGGCGGGCGCGA,binding site
GAGAGTGAGCCACA,binding site
GGGACGCAGCTGGA,binding site
AGCAGCCCAAGGGC,binding site
TTGGATTTATATGT,non-binding site
TTCAGAATTACCAC,non-binding site
CAGTGGCTCACACC,non-binding site
TAACTTCAAAGTCA,non-binding site
GCCAGTAGAGTAGA,non-binding site
GCAGCAAAGGGCTG,non-binding site
CAGCCTCGACCTCC,non-binding site
ATCTGCTGGCACCC,non-binding site
TCCTGGACCTGGTA,non-binding site
CTGAAAGACAACAG,non-binding site
GAGGCTATGCAAAG,non-binding site
GCTTACATAATCTA,non-binding site
AGAAGTATTTGGCA,non-binding site
GCTAGAACCCTGGC,non-binding site
AGTGGATAAACCTG,non-binding site
GCTGGGACTACAGG,non-binding site
TGGTAAACCACACG,non-binding site
CAGAACTGTGAGGG,non-binding site
CATTGGTCTTGCTA,non-binding site
TAAATTAATTGAAA,non-binding site
TGACCTCTTCAAGG,non-binding site
TCAATAATATTGGC,non-binding site
TTAGCCGGGCGTGG,non-binding site
AACTTATGAGTATA,non-binding site
TCAGTGGCCAGTAA,non-binding site
TCTCCACCATTCTG,non-binding site
AGCCTGTTCGCACA,non-binding site
AAGGCTGCTAATAA,non-binding site
GGGGGCAGGGGCAT,non-binding site
GTCTATGATGATAT,non-binding site
AAAACACTAGGAAA,non-binding site
ACAAAAATTAGCCG,non-binding site
CCAATGTCACCTCC,non-binding site
GAGTCTGCATGAAC,non-binding site
AAAATCTTGAATAA,non-binding site
ATCTCATTGTAGAT,non-binding site
CCTTGATTCGATGT,non-binding site
GTCAGCAGTCATGA,non-binding site
CTAGGTTTCTTTCT,non-binding site
CGCTGCATGGTGGC,non-binding site
TTAACCAACTCATA,non-binding site
AGGACTGAAGTTTT,non-binding site
GAGTCACAATGTTA,non-binding site
TGAAGTACCCGGTG,non-binding site
TGTCACCCAGGCTG,non-binding site
CAGAAAATGCCGGA,non-binding site
ACTTATTTACATTT,non-binding site
TTTATTGAACCATA,non-binding site
AGTAATCTTGCCTC,non-binding site
GCCCCTCCCTGCCT,non-binding site
GTAAGCCTTAATGA,non-binding site
ATATTTCCAGAGGC,non-binding site
TCAGACTATAGTGG,non-binding site
GTGAAAACAATTGA,non-binding site
TACACAGTATTATT,non-binding site
ATACTGTGGCATTC,non-binding site
CCCATTGTTTTCCT,non-binding site
GTTCTGATTCTGCT,non-binding site
GTATGCACTGACAG,non-binding site
GCGCCGTCCGGCTC,non-binding site
AGTCATTTACCTAA,non-binding site
AGGTAGAGAGTCCC,non-binding site
CTTCATCCCTCCAG,non-binding site
AAGTGCTGAGATTA,non-binding site
GGATTACAGGCGTA,non-binding site
AGACTGAAGCTCCA,non-binding site
ATGGAGGAGATTGT,non-binding site
AAAACAGAAGACAA,non-binding site
CTATTTTGATTGGA,non-binding site
CTAAACTAATTTGT,non-binding site
CCAAATCTTGGCTA,non-binding site
GTGTTTACAGGGGA,non-binding site
AAAAAATACCCTCT,non-binding site
AACAGGGGTAGGCA,non-binding site
GTGCCATTGCACTC,non-binding site
TAATTTAGATATTC,non-binding site
TTATTTGTCTATTT,non-binding site
CATACACACACACA,non-binding site
AGGGCATTTATCAA,non-binding site
ATAAGACACCGAAA,non-binding site
ACACATAAAAACAT,non-binding site
GGATTTCTTATTTG,non-binding site
AGATATAGAAACCC,non-binding site
TAGGTCAAATTGGT,non-binding site
GCTTCTGGAACATG,non-binding site
TGACCCAAGTTCAG,non-binding site
AATTCACAATTATT,non-binding site
CTCCTGGCCTCAAG,non-binding site
ACAGGTGCCTCCAG,non-binding site
CACTTGATTTAAAT,non-binding site
CATGATATTGGCTA,non-binding site
TGTGTGGTTTAAAT,non-binding site
TCTTAAATAATTCT,non-binding site
GTTCAACATACGCA,non-binding site
GCATCTGAGACAGG,non-binding site
AATGTGCTGATGGA,non-binding site
CTCTTCTCTCTATC,non-binding site
TGGTATGGTATGGT,non-binding site
CTGTAAAGACTTTA,non-binding site
TGAAGCCACTTTAC,non-binding site
GCCTCAGCCTCCCG,non-binding site
AAATGACATATCCT,non-binding site
TGCACGCCTGCAGG,non-binding site
TGGCTAGAGATATT,non-binding site
ATGACTAGCTGTTT,non-binding site
ATAATGTGAAGACC,non-binding site
TAAGCTTTTTGGAG,non-binding site
ATGTTCTCTTTATT,non-binding site
CAAACAGGTCTATA,non-binding site
GTAAGATTTTGAAC,non-binding site
CCATTGCTTGTTAT,non-binding site
CCTGTGAAGCTCTA,non-binding site
GAATAGGTGCTATA,non-binding site
TTAAGGTTATAATA,non-binding site
TATACATCCACTTA,non-binding site
CCATTGCAAGATTT,non-binding site
AGCATTCTCATTTC,non-binding site
TATTTTTCTTAGGA,non-binding site
TTATGAGTGAGAAC,non-binding site
TAATCCCAGCATTT,non-binding site
TTTTAATTACATAT,non-binding site
GAATGACAGTCTTT,non-binding site
TACATTTTTATGAA,non-binding site
ACATGCCTGCAATC,non-binding site
GTTAAAAATGATGC,non-binding site
TTTACACATATTAT,non-binding site
CCCACCCATGTACG,non-binding site
AAGGAATTTTAAGA,non-binding site
AAACTATAAAAATA,non-binding site
TCTGATTTCTTTAT,non-binding site
TTATCTAATAGGTA,non-binding site
ATTCCATTAAATAA,non-binding site
AACAATCTGCCATG,non-binding site
TCTAAGTTCATATG,non-binding site
ATGGCAGGGCGACC,non-binding site
TGACAGATGTGATA,non-binding site
GGAGATGGAAGAAC,non-binding site
AAAAAACAATTAAG,non-binding site
CACCACACATTTTA,non-binding site
AAATATATGCAATT,non-binding site
CTAACACAACAAAA,non-binding site
TATTCTGCTGTTTT,non-binding site
ACTCCATTCTTATT,non-binding site
TCTCAGGTTTAGCC,non-binding site
GAACTAATATTTGA,non-binding site
GGGAGAGAGAGAAA,non-binding site
TCCTGTCCATTCCC,non-binding site
TCGGAAATAGCAGT,non-binding site
AGGTGCCATCTTCC,non-binding site
GCAAGTCCCTTCTG,non-binding site
ACTCATGATTTGGC,non-binding site
TTTTTGTATTTTTA,non-binding site
TTTTCTGACATGAC,non-binding site
TTGGGCAAAATTAC,non-binding site
CTTAGTCTCTCATA,non-binding site
TCCTGATTTTCCAC,non-binding site
TTTAACATGAGCTA,non-binding site
TATACCTTTATTAT,non-binding site
ATTACTTTTTCAGC,non-binding site
TTCAAATTGTCCCT,non-binding site
GCTTTTTGAGGCCT,non-binding site
TCTTTATTATTCAT,non-binding site
TTGGTTCTTATGGA,non-binding site
CACTAGCTCCTTTC,non-binding site
TTACTCTAAACCTG,non-binding site
AAACTTTTGAGGGA,non-binding site
TGAAATCAGAATTT,non-binding site
TTCCTCTTGCCTTC,non-binding site
CCTCCATTAAAACT,non-binding site
TATAAGGAGAAGGT,non-binding site
AGGTGATCTCCTGT,non-binding site
CTAATTCAAAACCT,non-binding site
TACCACAAACTTAG,non-binding site
TTAAGGTAGTGAAC,non-binding site
TTTTGGAGAGTAAT,non-binding site
AGGTGGCTTTCCCC,non-binding site
ATTTTTGTATTTTT,non-binding site
TAGTCCCAGCTACT,non-binding site
TATATAATTTTTAT,non-binding site
TTGCCTGCATAAAT,non-binding site
TTAACATCATTGCA,non-binding site
ATCACAACTTCTAA,non-binding site
ACAGGTGGAAGGTA,non-binding site
ATATCACAAACAAA,non-binding site
AAAAGCTGGGCATG,non-binding site
ACTGGGCAATTTAC,non-binding site
TAGTTTATTTATAT,non-binding site
TCATTCCTTCCTCT,non-binding site
AAACTCCAATATCC,non-binding site
ACCATGCCCGGCTT,non-binding site
AAAGCTCCTTATAT,non-binding site
AAACCCGGGTTCTC,non-binding site
ACAACGATGACGAT,non-binding site
TACATTTTTACCAT,non-binding site
GTGATTCCTAAATA,non-binding site
GGGCTTTGCAAAGA,non-binding site
ATTTTTTTTTTTTT,non-binding site
ACTTGAGAAATCAA,non-binding site
GGCTGGCTGAGATC,non-binding site
AACGAGATTAAAGA,non-binding site
AGGCGTGAGCCACT,non-binding site
AGAGGAAACGGCTC,non-binding site
GACTACTCCAATGC,non-binding site
CATTCTTGTCTCCA,non-binding site
TTGATCTTTAATCT,non-binding site
CCGACCTCAGGCGA,non-binding site
AGATGTTTGCAAGT,non-binding site
AAGTGTATTTTCCC,non-binding site
CAGGAAGGCAGGAA,non-binding site
CACCCGGTCGCCAC,non-binding site
GTCAGAATTTCTCC,non-binding site
ATAATTTTACAAAG,non-binding site
ATTCATTAGCTGAG,non-binding site
CTTAACTCATCCCA,non-binding site
TGTTTGCTTTATGA,non-binding site
GTTCTCCATGGTCT,non-binding site
GAAACTCAAGTGGC,non-binding site
GTTAATTGAGTCCT,non-binding site
ACAAGCCAGAAGAG,non-binding site
ACCACCCAGAAAGC,non-binding site
TTTGGAAAGTGGCA,non-binding site
TATTAATTGGTCAT,non-binding site
GGCTAGAGTGCAGT,non-binding site
CATCGTGAGCAAAC,non-binding site
GGCACAATCTCAGC,non-binding site
GTCTCAGCACTTTG,non-binding site
TGAACGAGGGAAGA,non-binding site
CAACACCCCTTTGA,non-binding site
AGCCTGGCCAACAT,non-binding site
AGTGAAAGTGTCCT,non-binding site
GTAAAAGTGCTTTC,non-binding site
GAGGAACGCCACTA,non-binding site
TGGAGAAGGAGGCC,non-binding site
CCCAAAGTGCTGGG,non-binding site
CAATGTAATGTGGT,non-binding site
TCACAAAGGTGTCA,non-binding site
AAATGGTGCTGGGA,non-binding site
TTATTGATATCCAA,non-binding site
CATCTTTTTGCTAT,non-binding site
TGGGATTACAGGCG,non-binding site
TTAGTAACATGTAA,non-binding site
CCTGCATATAAACA,non-binding site
CTTGAAGACATCAA,non-binding site
GAAAGTGCCTGCTT,non-binding site
TTCCCCCCACCCCA,non-binding site
ACCAAGTATAACAT,non-binding site
TGCCGCAGCAGGAG,non-binding site
GAGCTGTCTGACTT,non-binding site
GGCGTGTTCAAGAC,non-binding site
TCCATCCCCCGGCC,non-binding site
AGGGCAGTCAAATC,non-binding site
GTATTTCCAACATG,non-binding site
TATGGAATGTATGA,non-binding site
TGTAAGTGTTCCTG,non-binding site
GAGGGGCCTGGGAA,non-binding site
GATGAAATTTAGAG,non-binding site
GCAGGAGGGGGAGG,non-binding site
TGTAGGTGATGTGC,non-binding site
GATTAGAAAGACTA,non-binding site
AGCCACCATGCTAG,non-binding site
GGAAAGAAGAGTCC,non-binding site
GTACAGTATGTGAC,non-binding site
TAATTTTTGTAGAG,non-binding site
CTTCCCCACAACTA,non-binding site
TGCAAAAACACCAT,non-binding site
CTCTGAGTGTTTAC,non-binding site
CCAGCTAATTTTTG,non-binding site
AAATGGGCAAAGGA,non-binding site
GTGGGTGACCGTAT,non-binding site
ATTTAAACATAAAT,non-binding site
TTATTCCATGGCCC,non-binding site
AGAGTTGATCTCAT,non-binding site
ATCAAAGAAATGCA,non-binding site
TAGTAACTGTTGAA,non-binding site
GTGGGTATCACCGT,non-binding site
TATAGAGTTATGTG,non-binding site
AGCCCAGGAGTTTG,non-binding site
CATGCGCTTACTCC,non-binding site
TCCTATTGAAGAGA,non-binding site
AGAATCACTTGAAC,non-binding site
GAATCCAAGTTTCC,non-binding site
AAAACCATAAAAAG,non-binding site
AGTGTATTGGTACA,non-binding site
ATGTTTCCCTAGGT,non-binding site
TTTGCATATTAGAG,non-binding site
CCAGGGAGGAGGCG,non-binding site
TTACAATAGCTACA,non-binding site
TGGTGCATGCCTGT,non-binding site
CATTCACTAGTTGT,non-binding site
CAGCTATTCTTACT,non-binding site
TCTGTAAATGGCCT,non-binding site
CGGTCTTGGAGCTG,non-binding site
TAGTTTACTAGTTT,non-binding site
ATATTGTTCTTCAA,non-binding site
GTCTATTTCCTGGG,non-binding site
TTAAGTAATTCAAA,non-binding site
ACTCCTCACACCAA,non-binding site
ATTTTGAAGCAATA,non-binding site
AGGTTATCCTTAGT,non-binding site
TTAACCTTGACCAC,non-binding site
GGCAGGAGTGCAGT,non-binding site
TTTTTCTCTCATTT,non-binding site
GGAGAGGACACTGT,non-binding site
ACTCACTGGAAGGA,non-binding site
CCCACTCCAGTCTT,non-binding site
GTGGTGGCATGTGC,non-binding site
TTAGCTCTGGAAAG,non-binding site
TGCCCTGTCTGGTA,non-binding site
TTTAGTAGAAACGG,non-binding site
AAGTCTTTGTGTGA,non-binding site
CTAGGAAAATCTAT,non-binding site
GCTTTATTGATCCA,non-binding site
TTTAGAATTAAGAT,non-binding site
TGGGATCTGAGTGA,non-binding site
TGTGACACCGCACA,non-binding site
GTTCTAAGTGCTTT,non-binding site
CAGTCATGATTCAT,non-binding site
TAATCACCCACTAA,non-binding site
AAATAAATTGCATT,non-binding site
AGGTGAAGCAGAGT,non-binding site
CACGTTTGTGTGCA,non-binding site
TCCTATAAGAGTCT,non-binding site
TATTTTTATTGCTA,non-binding site
AAAGATATTTTTAC,non-binding site
TCATTCAGTGAAGG,non-binding site
AGGTGAGAGACAGA,non-binding site
AGGTGAAGAATTCT,non-binding site
CAGGCACCAGCCAC,non-binding site
GGCCAGAATGGAGT,non-binding site
AGGTTTTGTTCAAA,non-binding site
ATAAGACCATACAA,non-binding site
AGAATCTACAATAA,non-binding site
TTTGCCTTTTCCAG,non-binding site
AATGCTATCCTTCC,non-binding site
TCAGACCACAGTGG,non-binding site
GGTGACCAGAGGCT,non-binding site
TAGTAAACTTTTGT,non-binding site
GGCACTAAATCTCT,non-binding site
TCCCGCCCGCTGCC,non-binding site
CCTTCATCTGTGAA,non-binding site
CAACAAAAAATTGG,non-binding site
TTTTCTTTATAATG,non-binding site
AGTGATGTCAATGT,non-binding site
TTCTCTCTCCTCAG,non-binding site
TGTTCTTGCTCAGT,non-binding site
GGGGCAGAGGCGCT,non-binding site
TCATCACACTTCGC,non-binding site
CTGCAGAATTAGGA,non-binding site
CATGATTGGATCTA,non-binding site
CTAGATATCAATTC,non-binding site
CTCAGGAGCAAGAG,non-binding site
AAAGACAGAAAGTA,non-binding site
TTAGGGGACTGATA,non-binding site
GGGCATAGTCCCAG,non-binding site
CCATGCCCGGCAAT,non-binding site
AGATAGAGAACTCA,non-binding site
CCTGGCTCAAGCCA,non-binding site
GCAAGTGTAAACAT,non-binding site
AGACTTTTAAGGTC,non-binding site
GGGGATTAAGTTTC,non-binding site
TTATTACTATTACT,non-binding site
GTTTCCATTTGAAA,non-binding site
CACAATCACACACA,non-binding site
GTGTGAGACCCCAG,non-binding site
AGGTAGGCTTGAAT,non-binding site
TGGGATATAACACA,non-binding site
AAACATAACACCTC,non-binding site
GCATGTGTTTCCCC,non-binding site
TGTGCCAACGTGCC,non-binding site
CAAAAAAATAAGTA,non-binding site
TATTTGATGAATGA,non-binding site
GTGGTGCAATCAAG,non-binding site
TCATAGACCCAGGA,non-binding site
AGAAGGGGCTTTTA,non-binding site
ACGCCCACGGGTCT,non-binding site
ACCCAGGTGCCTTC,non-binding site
ACACACAAACACAC,non-binding site
AAATGTCAAACGTG,non-binding site
GTTTTTTTTTCATT,non-binding site
CATCAAAGACTACA,non-binding site
AACACTTAAAATAT,non-binding site
ATCTGCCCGCCTCA,non-binding site
ACTGATTGATCATT,non-binding site
GGCATGTGGCACAA,non-binding site
ACCTGAAGGTCTAC,non-binding site
TTTATAATGTGTAA,non-binding site
ACTATTCCACCAGA,non-binding site
ATTGTATTTATGAC,non-binding site
ACTAGAGTACAAAC,non-binding site
TGCGAATCTGTGGT,non-binding site
GAGCCAGACATGGT,non-binding site
GGTAGAGGGGGAAA,non-binding site
ATTATATCAAGTAA,non-binding site
CAATACTGATTATT,non-binding site
ACTCACGGTTCCAC,non-binding site
ATTGGTGTATAAGA,non-binding site
TTGTTCCTAATGAG,non-binding site
GTTTCATAAAGAAA,non-binding site
AACATGACAAATCT,non-binding site
TCGTTTATTTATTT,non-binding site
